Item No,Last Name,First Name,VIAF,Wikipedia Entry,Born,Died,Works in HTRC?,Biological,Pos.(s) in Chronogram,Getty A&A,Unnamed: 11,Item Type
1,Aalto,Alvar,,https://en.wikipedia.org/wiki/Alvar_Aalto,2/3/1898,5/11/76,Yes,0,"1926, 1932,
1960",,,
2,Adams,R.,,,,,No,6,1993,,,person
3,Alberts,Anton,,https://en.wikipedia.org/wiki/Anton_Alberts_(architect),7/6/27,8/16/99,No,14,1980,,,
4,Albini,Franco,,https://en.wikipedia.org/wiki/Franco_Albini,10/17/05,11/1/77,No,2,1959,,,
5,Alexander,Christopher,,https://en.wikipedia.org/wiki/Christopher_Alexander,10/4/36,3/17/22,Yes,5,1980,,,
6,Alsop,William,,https://en.wikipedia.org/wiki/Will_Alsop,12/12/47,5/12/18,No,78,1996,,,
7,Ando,Tadao,,https://en.wikipedia.org/wiki/Tadao_Ando,9/13/41,,Yes,2,1984,,,
8,Andreu,Paul,,https://en.wikipedia.org/wiki/Paul_Andreu,7/10/38,10/11/18,Yes,5,1997,,,
9,Arad,Ron,,https://en.wikipedia.org/wiki/Ron_Arad_(industrial_designer),4/24/51,,Yes,78,1999,,,
10,ARAU,,,,,,No,3,1976,,,firm
11,ARM,,,https://armarchitecture.com.au/about/ https://en.wikipedia.org/wiki/ARM_Architecture_(company),1988,,No,3,1992,,,firm
12,Arquitectonica,,,https://arquitectonica.com/ https://en.wikipedia.org/wiki/Arquitectonica,1977,,No,2345,"1980, 1987",,,
13,Arups,,,https://en.wikipedia.org/wiki/Arup_Group,1946,,No,3,"1960, 1975",,,
14,Ashbee,Charles Robert,,https://en.wikipedia.org/wiki/Charles_Robert_Ashbee,5/17/1863,5/23/42,No,45,1908,,,
15,Asplund,Gunnar,,https://en.wikipedia.org/wiki/Gunnar_Asplund,9/22/1885,10/20/40,No,34,1913,,,
16,Aulenti,Gae,,https://en.wikipedia.org/wiki/Gae_Aulenti,12/4/27,10/31/12,No,0,1960,,,
17,Bacon,Henry,,https://en.wikipedia.org/wiki/Henry_Bacon,11/28/1866,2/16/24,Yes,4,1916,,,
18,Badran,Rasem,,https://en.wikipedia.org/wiki/Rasem_Badran,1945,,No,4,1989,,,
19,Bakema,Jaap,,https://en.wikipedia.org/wiki/Jaap_Bakema,3/8/14,2/20/81,No,3,1955,,,
20,Baker,Herbert,,https://en.wikipedia.org/wiki/Herbert_Baker,6/9/1862,2/4/46,Yes,4,1913,,,
21,Balmond ,Cecil,,https://en.wikipedia.org/wiki/Cecil_Balmond,,,No,5,1997,,,
22,Banham,Reyner,,https://en.wikipedia.org/wiki/Reyner_Banham,3/2/22,3/19/88,Yes,66,1978,,,
23,Bartning,Otto,,https://en.wikipedia.org/wiki/Otto_Bartning,04/12/1883,2/20/59,Yes,7,1925,,,
24,Beeby,Thomas,,https://en.wikipedia.org/wiki/Thomas_H._Beeby,1941,,No,9,1985,,,
25,Behnisch,Gunter,,https://en.wikipedia.org/wiki/G%C3%BCnter_Behnisch,6/12/22,7/12/10,No,33,"1982, 1995",,,
26,Behrens,Peter,,https://en.wikipedia.org/wiki/Peter_Behrens,4/14/1868,2/27/40,No,6,1907,,,
27,Bel Geddes,Norman,,https://en.wikipedia.org/wiki/Norman_Bel_Geddes,4/27/1893,5/8/58,Yes,8,1937,,,
28,Belcher,John,,https://en.wikipedia.org/wiki/John_Belcher_(architect),7/10/1841,11/8/13,Yes,2,1899,,,person
29,Belluschi,Pietro,,https://en.wikipedia.org/wiki/Pietro_Belluschi,8/18/1899,2/14/94,Yes,3,1958,,,
30,Benson,Gordon,,https://en.wikipedia.org/wiki/Benson_%26_Forsyth,10/5/44,,No,,1998,,,
31,Berg,Max,,https://en.wikipedia.org/wiki/Max_Berg,4/17/1870,1/22/47,No,,1918,,,
32,Berlage,Hendrik Petrus,http://viaf.org/viaf/59236068,https://en.wikipedia.org/wiki/H._P._Berlage,2/21/1856,9/12/34,No,,1898,,,
33,Bicknell,Julian,,https://en.wikipedia.org/wiki/Julian_Bicknell,2/23/45,,No,345,1991,,,
34,Blomfiled,Reginald,,https://en.wikipedia.org/wiki/Reginald_Blomfield,12/20/1856,12/27/42,No,6,1910,,,
35,Bofill,Ricardo,,https://en.wikipedia.org/wiki/Ricardo_Bofill,12/5/39,1/14/22,Yes,5,1982,,,
36,Bohm,Dominikus,,https://en.wikipedia.org/wiki/Dominikus_B%C3%B6hm,10/23/1880,8/6/55,No,,1929,,,
37,Böhm,Gottfried,,https://en.wikipedia.org/wiki/Gottfried_B%C3%B6hm,1/23/20,6/9/21,No,456,1968,,,
38,Bolles+Wilson,,,https://bolles-wilson.com/,1980,,No,,1997,,,
39,Bonatz,Paul,,https://en.wikipedia.org/wiki/Paul_Bonatz,12/6/1877,12/20/56,No,545,1910,,,
40,Botta,Mario,,https://en.wikipedia.org/wiki/Mario_Botta,4/1/43,,Yes,7,1988,,,
41,Bournville,,,,,,No,4,1902,,,
42,Breuer,Marcel,,https://en.wikipedia.org/wiki/Marcel_Breuer,5/21/02,7/1/81,Yes,5,1953,,,
43,BROOKES,,,https://www.brookesarchitects.co.uk/,,,No,4,2002,,,
44,Brydon,J.M.,,https://en.wikipedia.org/wiki/J._M._Brydon,1840,5/25/01,No,3,1910,,,
45,Burnet,John,,https://en.wikipedia.org/wiki/John_Burnet_(architect),9/27/1814,1/15/01,,,,,,
46,Burnet,John James,,https://en.wikipedia.org/wiki/John_James_Burnet,5/31/1857,7/2/38,No,565634,1902,,,
47,Burnham,Daniel,,https://en.wikipedia.org/wiki/Daniel_Burnham,9/4/1846,6/1/12,Yes,45,1898,,,person
48,Byker,,,,,,No,73,1977,,,
49,Calatrava,Santiago,,https://en.wikipedia.org/wiki/Santiago_Calatrava,7/28/51,,Yes,34,1980,,,
50,Chareau,Pierre,,https://en.wikipedia.org/wiki/Pierre_Chareau,8/4/1883,8/24/50,No,5,1930,,,
51,Chiattone,Mario,,https://www.encyclopedia.com/education/dictionaries-thesauruses-pictures-and-press-releases/chiattone-mario,1891,1957,No,3,1915,,,
52,Ciriani,Henri,,https://en.wikipedia.org/wiki/Henri_Ciriani,12/30/36,,No,345,1999,,,
53,Clubs,,,,,,No,3,1996,,,
54,Coates,Nigel,,https://en.wikipedia.org/wiki/Nigel_Coates_(architect),1949,,No,3,1997,,,
55,Correa,Charles,,https://en.wikipedia.org/wiki/Charles_Correa,9/1/30,6/16/15,Yes,8,1989,,,
56,Costa,Lúcio,,https://en.wikipedia.org/wiki/L%C3%BAcio_Costa,2/27/02,6/13/98,No,679,1954,,,
57,Cret,Paul Philippe,,https://en.wikipedia.org/wiki/Paul_Philippe_Cret,10/23/1876,9/8/45,No,45,1928,,,
58,Cumbernauld,,,,,,No,456,1965,,,
59,Czech Cubists,,,https://en.wikipedia.org/wiki/Czech_Cubism,1912-1914,,No,73,1911,,,
60,Darmstadt Mathildenhohe,,,https://whc.unesco.org/en/list/1614/,1899,,No,34,1907,,,
61,de Baudot,Anatole,,https://en.wikipedia.org/wiki/Anatole_de_Baudot,10/14/1834,2/28/15,No,3,1902,,,
62,De Carlo,Giancarlo,,https://en.wikipedia.org/wiki/Giancarlo_De_Carlo,12/12/19,6/4/05,Yes,3,1965,,,
63,de Finetti,Giuseppe,,https://it.wikipedia.org/wiki/Giuseppe_de_Finetti,3/5/1892,1/19/52,No,34567,1939,,,
64,de Klerk,Michel,,https://en.wikipedia.org/wiki/Michel_de_Klerk,11/24/1884,11/24/23,No,46,"1914, 1921",,,
65,Derrida,Jacques,,https://en.wikipedia.org/wiki/Jacques_Derrida,7/15/30,10/9/04,Yes,48,1988,,,
66,Dixon,Jeremy,,https://en.wikipedia.org/wiki/Jeremy_Dixon,5/31/39,,No,45,1998,,,
67,Dolce Vita,,,,,,No,56,1968,,,
68,Domenech,Lluis,https://viaf.org/viaf/49316848,https://en.wikipedia.org/wiki/Llu%C3%ADs_Dom%C3%A8nech_i_Montaner,12/21/1850,12/27/23,No,4,1898,,,
69,Domenig,Gunther,,https://en.wikipedia.org/wiki/G%C3%BCnther_Domenig,7/6/34,6/15/12,No,46,1990,,,
70,Dominioni,Luigi Caccia,,https://en.wikipedia.org/wiki/Luigi_Caccia_Dominioni,12/7/13,11/13/16,No,3,1959,,,
71,Doxiadis,Constantinos Apostolou,,https://en.wikipedia.org/wiki/Constantinos_Apostolou_Doxiadis,5/14/13,6/28/75,No,345,1962,,,
72,Dudok,Willem Marinus,,https://en.wikipedia.org/wiki/Willem_Marinus_Dudok,7/6/1884,4/6/74,No,3547,1922,,,
73,Duiker,Jan,,https://en.wikipedia.org/wiki/Jan_Duiker,3/1/1890,2/23/35,No,45,1929,,,
74,Eames,Charles and Ray,,https://en.wikipedia.org/wiki/Charles_and_Ray_Eames,,,No,,"1956, 1957",,,
75,Eiermann,Egon,,https://en.wikipedia.org/wiki/Egon_Eiermann,9/29/04,7/19/70,No,4,1961,,,
76,Eisenman,Peter,,https://en.wikipedia.org/wiki/Peter_Eisenman,8/11/32,,No,3,"1970, 1987",,,
77,El-Wakil,Abdel-Wahad,,https://en.wikipedia.org/wiki/Abdel-Wahed_El-Wakil,8/7/43,,No,56,1985,,,
78,Endell,August,http://viaf.org/viaf/61711138,https://en.wikipedia.org/wiki/August_Endell,4/12/1871,4/13/25,No,745,1899,,,
79,Erith,Raymond,,https://en.wikipedia.org/wiki/Raymond_Erith,8/7/04,11/30/73,No,,1948,,,
80,Erskine,Ralph,,https://en.wikipedia.org/wiki/Ralph_Erskine_(architect),2/24/14,3/16/05,No,4,"1956, 1971",,,
81,Evans,,,,,,No,,1999,,,
82,Farrell,Terry,,https://en.wikipedia.org/wiki/Terry_Farrell_(architect),5/12/38,,Yes,4567,1990,,,
83,Fathy,Hassan,,https://en.wikipedia.org/wiki/Hassan_Fathy,3/23/00,11/30/89,Yes,45,1979,,,
84,Ferris,Hugh,,https://en.wikipedia.org/wiki/Hugh_Ferriss,7/12/1889,1/28/62,No,3,1926,,,
85,Finsterlin,Hermann,,https://en.wikipedia.org/wiki/Hermann_Finsterlin,08/18/1887,9/16/73,No,3,1924,,,
86,Fischer,Alfred,,https://en.wikipedia.org/wiki/Alfred_Fischer_(architect),8/29/1881,4/10/50,No,,1909,,,
87,Fisher,Mark,,https://en.wikipedia.org/wiki/Mark_Fisher_(architect),4/20/47,6/25/13,No,,1997,,,
88,FOA,,,https://en.wikipedia.org/wiki/Foreign_Office_Architects,1993,,No,,2002,,,
89,Foster,Norman,,"https://en.wikipedia.org/wiki/Norman_Foster,_Baron_Foster_of_Thames_Bank",6/1/35,,Yes,,"1971, 1998",,,
90,Frampton,Kenneth,,https://en.wikipedia.org/wiki/Kenneth_Frampton,11/20/30,,Yes,,1985,,,
91,Freyssinet,Eugène,,https://en.wikipedia.org/wiki/Eug%C3%A8ne_Freyssinet,6/13/1879,6/8/62,No,,1925,,,
92,Friedman,Yona,,https://en.wikipedia.org/wiki/Yona_Friedman,6/5/23,2/20/20,No,,1960,,,
93,Fromin,,,,,,No,,1944,,,
94,Fuksas,Massimiliano,,https://en.wikipedia.org/wiki/Massimiliano_Fuksas,1/9/44,,Yes,,1993,,,
95,Fuller,Buckminster,,https://en.wikipedia.org/wiki/Buckminster_Fuller,7/12/1895,7/1/83,Yes,,"1929, 1958",,,
96,Gardella,Ignazio,,https://en.wikipedia.org/wiki/Ignazio_Gardella,3/30/05,3/16/99,No,,1955,,,
97,Garnier,Charles,,https://en.wikipedia.org/wiki/Charles_Garnier_(architect),11/6/1825,9/3/1898,No,,"1902, 1903",,,
98,Gaudi,Antoni,,https://en.wikipedia.org/wiki/Antoni_Gaud%C3%AD,6/25/1852,6/10/26,No,,1902,,,
99,Gehry,Frank,,https://en.wikipedia.org/wiki/Frank_Gehry,2/28/29,,Yes,,"1980, 1982, 1992",,,
100,Gibberd,Frederick,,https://en.wikipedia.org/wiki/Frederick_Gibberd,1/7/08,1/9/84,Yes,,1963,,,
101,Giedion,Sigfried,,https://en.wikipedia.org/wiki/Sigfried_Giedion,4/14/1888,4/10/68,No,,1930,,,
102,Gilbert,Cass,,https://en.wikipedia.org/wiki/Cass_Gilbert,11/24/1859,5/17/34,Yes,,1918,,,
103,Gill,Irving`,,https://en.wikipedia.org/wiki/Irving_Gill,4/26/1870,10/7/36,No,,1919,,,
104,Ginzburg,Moisei,,https://en.wikipedia.org/wiki/Moisei_Ginzburg,06/04/1892,1/7/46,No,,"1927, 29",,,
105,Gocar,Josef,,https://en.wikipedia.org/wiki/Josef_Go%C4%8D%C3%A1r,3/13/1880,9/10/45,No,,1903,,,
106,Goff,Bruce,,https://en.wikipedia.org/wiki/Bruce_Goff,6/8/04,8/4/82,Yes,,1956,,,
107,Gough,Piers,,https://en.wikipedia.org/wiki/Piers_Gough,4/24/46,,No,,1979,,,
108,Graves,Michael ,,https://en.wikipedia.org/wiki/Michael_Graves,7/9/34,3/12/15,Yes,,1976,,,
109,Greene,Charles Sumner,,https://en.wikipedia.org/wiki/Greene_and_Greene,1868,1957,Yes,,1908,,,
110,Greene,Henry Mather,,https://en.wikipedia.org/wiki/Greene_and_Greene,1/23/1870,10/2/54,Yes,,1908,,,
111,Greene,Herb,,https://en.wikipedia.org/wiki/Herb_Greene_(architect),1929,,Yes,,1962,,,
112,Grimshaw,Nicholas,,https://en.wikipedia.org/wiki/Nicholas_Grimshaw,10/9/39,,Yes,,"1977, 1994",,,
113,Gropius,Walter,,https://en.wikipedia.org/wiki/Walter_Gropius,5/18/1883,7/5/69,Yes,,1927,,,
114,Guimard,Hector,http://viaf.org/viaf/71400445,https://en.wikipedia.org/wiki/Hector_Guimard,3/10/1867,5/20/42,No,,1898,,,
115,Gwathmey,Charles,,https://en.wikipedia.org/wiki/Charles_Gwathmey,6/19/38,8/3/09,Yes,,1975,,,
116,Habraken,John,,https://en.wikipedia.org/wiki/N._John_Habraken,10/29/28,10/21/23,No,,1968,,,
117,Hadid,Zaha,,https://en.wikipedia.org/wiki/Zaha_Hadid,10/31/50,3/31/16,Yes,,1990,,,
118,Hampstead,,,,,,No,,1912,,,
119,Hara,Hiroshi,,https://en.wikipedia.org/wiki/Hiroshi_Hara_(architect),9/9/36,,Yes,,1996,,,
120,Haring,Hugo,,https://en.wikipedia.org/wiki/Hugo_H%C3%A4ring,05/11/1882,5/17/58,No,,1922,,,
121,Harris,Harwell Hamilton,,https://en.wikipedia.org/wiki/Harwell_Hamilton_Harris,7/2/03,11/18/90,No,,1941,,,
122,Harrison,Wallace,,https://en.wikipedia.org/wiki/Wallace_Harrison,09/28/1895,12/2/81,No,,1961,,,
123,Hasegawa,Itsuko,,https://en.wikipedia.org/wiki/Itsuko_Hasegawa,1941,,Yes,,"1980, 2002",,,
124,Hausermann,Pascal,,https://architectuul.com/architect/pascal-hausermann,1936,,No,,1960,,,
125,Hauszinsteur,,,,,,No,,,,,
126,Hecker,Ziv,,https://en.wikipedia.org/wiki/Zvi_Hecker,5/31/31,9/24/23,No,,1989,,,
127,Hejduk,John,,https://en.wikipedia.org/wiki/John_Hejduk,7/19/29,7/3/00,Yes,,1970,,,
128,Hellerau,,,,,,No,,1912,,,
129,Hertzberger,Herman,,https://en.wikipedia.org/wiki/Herman_Hertzberger,7/6/32,,No,,1968,,,
130,Herzog,Jacques,,https://en.wikipedia.org/wiki/Jacques_Herzog,4/19/50,,No,,2002,,,
131,Hilberseimer,Ludwig,,https://en.wikipedia.org/wiki/Ludwig_Hilberseimer,9/14/1885,5/6/67,Yes,,1931,,,
132,Hoffman,Josef,,https://en.wikipedia.org/wiki/Josef_Hoffmann,12/15/1870,5/7/56,No,,1904,,,
133,Holden,Charles,,https://en.wikipedia.org/wiki/Charles_Holden,5/12/1875,5/1/60,No,,1916,,,
134,Holl,Steven,,https://en.wikipedia.org/wiki/Steven_Holl,12/9/47,,Yes,,1999,,,
135,Hollein,Hans,,https://en.wikipedia.org/wiki/Hans_Hollein,3/30/34,4/24/14,Yes,,1977,,,
136,Hood,Raymond,,https://en.wikipedia.org/wiki/Raymond_Hood,3/29/1881,8/14/34,Yes,,1925,,,
137,Hopkins,Michael ,,https://en.wikipedia.org/wiki/Michael_Hopkins_(architect),5/7/35,6/17/23,No,,"1979, 1985",,,
138,Horta,Victor,,https://en.wikipedia.org/wiki/Victor_Horta,1/6/1861,9/8/47,No,,1902,,,
139,Howard,Ebenezer,,https://en.wikipedia.org/wiki/Ebenezer_Howard,1/29/1850,5/1/28,No,,1903,,,
140,Hundertwasser,Friedensreich,,https://en.wikipedia.org/wiki/Friedensreich_Hundertwasser,12/15/28,2/19/00,Yes,,1976,,,
141,Ishii,Kazuhiro,,,2/1/44,1/14/15,No,,1978,,,
142,Isozaki,Arata,,https://en.wikipedia.org/wiki/Arata_Isozaki,7/23/31,12/28/22,Yes,,1973,,,
143,Jacobs,Jane,,https://en.wikipedia.org/wiki/Jane_Jacobs,5/4/16,4/25/06,No,,1961,,,
144,Jacobs,Robert Allan,,https://en.wikipedia.org/wiki/Robert_Allan_Jacobs,9/16/05,11/4/93,Yes,,1961,,,
145,Jencks,Charles,,https://en.wikipedia.org/wiki/Charles_Jencks,6/21/39,10/13/19,Yes,,1973,,,
146,Jensen-Klint,Peder Vilhelm,,https://en.wikipedia.org/wiki/Peder_Vilhelm_Jensen-Klint,06/21/1853,12/1/30,No,,1910,,,
147,Jerde,Jon,,https://en.wikipedia.org/wiki/Jon_Jerde,1/22/40,2/9/15,No,,1979,,,
148,Jiricna,Eva,,https://en.wikipedia.org/wiki/Eva_Ji%C5%99i%C4%8Dn%C3%A1,3/3/39,,No,,1993,,,
149,Johansen,John M.,,https://en.wikipedia.org/wiki/John_M._Johansen,6/29/16,10/26/12,No,,1960,,,
150,Johansen,John M.,,https://en.wikipedia.org/wiki/John_M._Johansen,6/29/16,10/26/12,No,,1961,,,
151,Johnson,Philip,,https://en.wikipedia.org/wiki/Philip_Johnson,7/8/06,1/25/05,Yes,,"1952, 1976",,,
152,Jones,Edward,,https://en.wikipedia.org/wiki/Edward_Jones_(English_architect),10/20/39,,No,,1995,,,
153,Jourdain,Frantz,,https://en.wikipedia.org/wiki/Frantz_Jourdain,10/3/1847,8/22/35,No,,1905,,,
154,Kahn,Louis,,https://en.wikipedia.org/wiki/Louis_Kahn,3/5/01,3/17/74,Yes,,1966,,,
155,Kallman,Gerhard,,https://en.wikipedia.org/wiki/Gerhard_Kallmann,2/13/15,6/19/12,No,,1977,,,
156,Karmi,Ram,,https://en.wikipedia.org/wiki/Ram_Karmi,1931,4/11/13,No,,1993,,,
157,Kiesler,Frederick John,,https://en.wikipedia.org/wiki/Frederick_John_Kiesler,9/22/1890,12/27/65,Yes,,"1938, 1959",,,
158,Kikutake,Kiyonori,,https://en.wikipedia.org/wiki/Kiyonori_Kikutake,4/1/28,12/26/11,No,,1968,,,
159,Kipnis,Jeff,,https://en.wikipedia.org/wiki/Jeff_Kipnis,1951,,No,,2001,,,
160,Kitagawara,Atsushi,,https://en.wikipedia.org/wiki/Atsushi_Kitagawara,1951,,No,,1996,,,
161,Klint,Kaare,,https://en.wikipedia.org/wiki/Kaare_Klint,12/15/1888,3/23/54,,,1922,,,
162,Klotz,Clemens,,https://en.wikipedia.org/wiki/Clemens_Klotz,5/31/1886,5/22/05,No,,1938,,,
163,Koch,Carl,,https://en.wikipedia.org/wiki/Carl_Koch_(architect),5/11/12,7/3/98,Yes,,1959,,,
164,Koenig,Pierre,,https://en.wikipedia.org/wiki/Pierre_Koenig,10/17/25,4/4/04,No,,1962,,,
165,Koolhaas,Rem,,https://en.wikipedia.org/wiki/Rem_Koolhaas,11/17/44,,Yes,,1986,,,
166,Kotera,Jan,http://viaf.org/viaf/69848397,https://en.wikipedia.org/wiki/Jan_Kot%C4%9Bra,12/18/1871,4/17/23,No,,1899,,,
167,KPF,,,https://en.wikipedia.org/wiki/Kohn_Pedersen_Fox,1976,,No,,1985,,,
168,Kramer,Piet,,https://en.wikipedia.org/wiki/Piet_Kramer,7/1/1881,2/4/61,No,,1917,,,
169,Kreis,Wilhelm,,https://en.wikipedia.org/wiki/Wilhelm_Kreis,3/17/1873,8/13/55,No,,1940,,,
170,Krier,Leon,,https://en.wikipedia.org/wiki/L%C3%A9on_Krier,4/7/46,,Yes,,1980,,,
171,Krier,Rob,,https://en.wikipedia.org/wiki/Rob_Krier,6/10/38,11/1/23,Yes,,1994,,,
172,Kroll,Lucien,,https://en.wikipedia.org/wiki/Lucien_Kroll,3/13/27,8/1/22,Yes,,1970,,,
173,Kurokawa,Kisho,,https://en.wikipedia.org/wiki/Kisho_Kurokawa,4/8/34,10/12/07,Yes,,"1962, 1977, 1992",,,
174,La Tendenza,,,https://www.studiointernational.com/la-tendenza-italian-architecture-1965-1985,,,No,,1977,,,
175,Lanchester,Henry Vaughan,,https://en.wikipedia.org/wiki/H._V._Lanchester,8/9/1863,1/16/53,No,,1900,,,
176,Le Corbusier,,,https://en.wikipedia.org/wiki/Le_Corbusier,10/06/1887,8/27/65,Yes,,"1920, 1927, 1950, 1965",,,
177,Le Ricolais,Robert,,https://en.wikipedia.org/wiki/Robert_Le_Ricolais,10/30/1894,6/4/77,No,,1924,,,
178,Lechner,Odon,,"https://en.wikipedia.org/wiki/%C3%96d%C3%B6n_Lechner#:~:text=In%20the%20early%201900s%2C%20he,his%20search%20for%20larger%20commissions.",8/27/1845,6/10/14,No,,1900,,,
179,Legoretta,Ricardo,,https://en.wikipedia.org/wiki/Ricardo_Legorreta,5/7/31,12/30/11,No,,1988,,,
180,Lemaresquier,Charles,,https://en.wikipedia.org/wiki/Charles_Lemaresquier,10/16/1870,1/6/72,No,,1933,,,
181,Leonidov,Ivan,,https://en.wikipedia.org/wiki/Ivan_Leonidov,2/9/02,11/6/59,No,,1923,,,
182,Letchworth,,,https://en.wikipedia.org/wiki/Letchworth,,,No,,1903,,,
183,Lethaby,William,http://viaf.org/viaf/49308242,https://en.wikipedia.org/wiki/William_Lethaby,1/18/1857,7/17/31,No,,1899,,,
184,Lewerentz,Sigurd,,https://en.wikipedia.org/wiki/Sigurd_Lewerentz,7/29/1885,12/29/75,No,,1958,,,
185,Libera,Adalberto,,https://en.wikipedia.org/wiki/Adalberto_Libera,7/16/03,3/17/63,No,,1939,,,
186,Libeskind,Daniel,,https://en.wikipedia.org/wiki/Daniel_Libeskind,5/12/46,,Yes,,2001,,,
187,Lin,Maya,,https://en.wikipedia.org/wiki/Maya_Lin,10/5/59,,Yes,,1986,,,
188,Lissitzky,El ,,https://en.wikipedia.org/wiki/El_Lissitzky,11/24/1890,12/30/41,No,,1919,,,
189,Lofam,,,,,,No,,1945,,,
190,Loos,Adolf,,https://en.wikipedia.org/wiki/Adolf_Loos,12/10/1870,8/23/33,No,,1903,,,
191,Lovins,Amory,,https://en.wikipedia.org/wiki/Amory_Lovins,11/13/47,,No,,1996,,,
192,Lucrat,Andre,,https://en.wikipedia.org/wiki/Andr%C3%A9_Lur%C3%A7at,8/27/1894,7/11/70,No,,1929,,,
193,Lutyens,Edwin,,https://en.wikipedia.org/wiki/Edwin_Lutyens,3/29/1869,1/1/44,No,,"1916, 1914",,,
194,Lyyn,Greg,,https://en.wikipedia.org/wiki/Greg_Lynn,1964,,No,,2002,,,
195,MacCormac,Richard,,https://en.wikipedia.org/wiki/Richard_MacCormac,9/3/38,7/26/14,No,,1987,,,
196,Mackintosh,Charles,,https://en.wikipedia.org/wiki/Charles_Rennie_Mackintosh,6/7/1868,12/10/28,No,,"1904, 1905",,,
197,Maekawa,Kunio,,https://en.wikipedia.org/wiki/Kunio_Maekawa,5/14/05,6/26/86,No,,1957,,,
198,Maillart,Robert,http://viaf.org/viaf/35251528,https://en.wikipedia.org/wiki/Robert_Maillart,2/16/1872,4/5/40,No,,1900,,,
199,Maki,Fumihiko,,https://en.wikipedia.org/wiki/Fumihiko_Maki,9/6/28,6/6/24,Yes,,1990,,,
200,Makim MW,,,,,,No,,1900,,,
201,Makovecz,Imre,,https://en.wikipedia.org/wiki/Imre_Makovecz,11/20/35,9/27/11,No,,1997,,,
202,Maldonado,Tomás,,https://en.wikipedia.org/wiki/Tom%C3%A1s_Maldonado,4/25/22,11/26/18,Yes,,1963,,,
203,May,Ernst,,https://en.wikipedia.org/wiki/Ernst_May,7/27/1886,9/11/70,No,,1924,,,
204,Maybeck,Bernard,,https://en.wikipedia.org/wiki/Bernard_Maybeck,2/7/1862,10/3/57,Yes,,1908,,,
205,McHale,John,,https://en.wikipedia.org/wiki/John_McHale_(artist),8/19/22,11/2/78,Yes,,1972,,,
206,Mecanoo,,,https://en.wikipedia.org/wiki/Mecanoo,1984,,No,,1995,,,
207,Meier,Richard,,https://en.wikipedia.org/wiki/Richard_Meier,10/12/34,,Yes,,"1973, 2002",,,
208,Melnikov,Konstantin,,https://en.wikipedia.org/wiki/Konstantin_Melnikov,08/03/1890,11/28/74,No,,1926,,,
209,Mendelsohn,Erich,,https://en.wikipedia.org/wiki/Erich_Mendelsohn,03/21/1887,9/15/53,No,,1923,,,
210,Mewes,Charles,,https://en.wikipedia.org/wiki/Charles_Mew%C3%A8s,1/30/1858,8/9/14,No,,1910,,,
211,Meyer,Hannes,,https://en.wikipedia.org/wiki/Hannes_Meyer,11/18/1889,7/19/54,No,,1930,,,
212,Michelucci,Giovanni,,https://en.wikipedia.org/wiki/Giovanni_Michelucci,1/2/1891,12/31/90,No,,"1942, 1961",,,
213,Mies van der Rohe,Ludwig ,,https://en.wikipedia.org/wiki/Ludwig_Mies_van_der_Rohe,3/27/1886,8/17/69,No,,"1921, 1956",,,
214,Milton Keyens,,,https://en.wikipedia.org/wiki/Milton_Keynes,1/23/67,,No,,1973,,,
215,Miralles,Enric,,https://en.wikipedia.org/wiki/Enric_Miralles,2/12/55,7/3/00,Yes,,1991,,,
216,Moholy-Nagy,Laszlo,,https://en.wikipedia.org/wiki/L%C3%A1szl%C3%B3_Moholy-Nagy,7/20/1895,11/24/46,No,,1930,,,
217,Moisei,Ginzburg,,https://en.wikipedia.org/wiki/Moisei_Ginzburg,6/4/1892,1/7/46,No,,1929,,,
218,Moneo,Rafael,,https://en.wikipedia.org/wiki/Rafael_Moneo,5/9/37,,Yes,,1992,,,
219,Moore,Charles (Willard),,https://en.wikipedia.org/wiki/Charles_Moore_(architect),10/31/25,12/16/93,Yes,,1970,,,
220,Moore,Charles Herbert,,https://en.wikipedia.org/wiki/Charles_Herbert_Moore,4/10/1840,2/15/30,Yes,,,,,
221,Morandi,Giorgio,,https://en.wikipedia.org/wiki/Giorgio_Morandi,7/20/1890,6/18/64,No,,1953,,,
222,Moser,Karl,,https://en.wikipedia.org/wiki/Karl_Moser,8/10/1860,2/28/36,No,,1909,,,
223,Moss,Eric Owen,,https://en.wikipedia.org/wiki/Eric_Owen_Moss,7/25/43,,Yes,,1989,,,
224,Mozuma,,,"https://en.wikipedia.org/wiki/Mazuma,_Nevada",,,,,2001,,,
225,Muthesius,Hermann,,https://en.wikipedia.org/wiki/Hermann_Muthesius,4/20/1861,10/29/27,No,,"1907, 1913",,,
226,Muzio,Giovanni,,https://en.wikipedia.org/wiki/Giovanni_Muzio,2/12/1893,5/21/82,No,,1936,,,
227,Navarro,Agustin,,https://en.wikipedia.org/wiki/Agust%C3%ADn_Hern%C3%A1ndez_Navarro,2/29/24,11/10/22,No,,1997,,,
228,Nervi,Pier Luigi,,https://en.wikipedia.org/wiki/Pier_Luigi_Nervi,6/21/1891,1/9/79,No,,"1921, 1955",,,
229,Neumann,Alfred,,https://en.wikipedia.org/wiki/Alfred_Neumann_(architect),1/26/00,10/23/68,No,,1957,,,
230,Neutra,Richard,,https://en.wikipedia.org/wiki/Richard_Neutra,4/8/1892,4/16/70,Yes,,1951,,,
231,Niemeyer,Oscar,,https://en.wikipedia.org/wiki/Oscar_Niemeyer,12/15/07,12/5/12,No,,"1955, 1964",,,
232,Norberg-Schulz,Christian,,https://en.wikipedia.org/wiki/Christian_Norberg-Schulz,5/23/26,3/28/00,Yes,,1973,,,
233,Norton,,,,,,No,,2002,,,
234,Nouvel,Jean,,https://en.wikipedia.org/wiki/Jean_Nouvel,8/12/45,,Yes,,"1987, 1992",,,
235,Nowicki,Maciej,,https://en.wikipedia.org/wiki/Maciej_Nowicki_(architect),6/26/10,9/1/50,No,,1950,,,
236,Spuybroek,Lars,,https://en.wikipedia.org/wiki/Lars_Spuybroek,9/16/59,,No,,2003,,,
237,Olbrich,Joseph Maria,,https://en.wikipedia.org/wiki/Joseph_Maria_Olbrich,12/22/1867,9/8/08,No,,1901,,,
238,Osa,,,https://en.wikipedia.org/wiki/OSA_Group,1925,1930,No,,1926,,,
239,Ostberg,Ragnar,,https://en.wikipedia.org/wiki/Ragnar_%C3%96stberg,7/14/1866,2/5/45,No,,1919,,,
240,Oud,J.J.,,https://en.wikipedia.org/wiki/J._J._P._Oud,2/9/1890,4/5/63,No,,1922,,,
241,Outram,John,,https://en.wikipedia.org/wiki/John_Outram,6/21/34,,No,,1980,,,
242,Parker,Richard Barry,,https://en.wikipedia.org/wiki/Richard_Barry_Parker,11/18/1867,2/21/47,No,,1910,,,
243,Pattern Language,,,https://en.wikipedia.org/wiki/A_Pattern_Language,1977,,No,,1986,,,
244,Pawson,John,,https://en.wikipedia.org/wiki/John_Pawson,1949,,Yes,,1980,,,
245,Pei,I M,,https://en.wikipedia.org/wiki/I._M._Pei,4/26/17,5/16/19,No,,1979,,,
246,Peichl,Gustav,,https://en.wikipedia.org/wiki/Gustav_Peichl,3/18/28,11/17/19,No,,1977,,,
247,Pelli,Cesar,,https://en.wikipedia.org/wiki/C%C3%A9sar_Pelli,10/12/26,7/19/19,Yes,,"1989, 1997",,,
248,Perrault,Dominique,,https://en.wikipedia.org/wiki/Dominique_Perrault,4/9/53,,Yes,,1993,,,
249,Perrella,Stephen,,https://www.archpaper.com/2008/03/stephen-perrella-1956-2008/,,,No,,1999,,,
250,Perret,Auguste,,https://en.wikipedia.org/wiki/Auguste_Perret,2/12/1874,2/25/54,No,,1901,,,
251,PESSAC,,,,,,No,,1923,,,
252,Piacentini,Marcello,,https://en.wikipedia.org/wiki/Marcello_Piacentini,12/8/1881,5/19/60,No,,1942,,,
253,Piano,Renzo,,https://en.wikipedia.org/wiki/Renzo_Piano,9/14/37,,No,,"1962, 1992",,,
254,Pietilä,Reima,,https://en.wikipedia.org/wiki/Reima_and_Raili_Pietil%C3%A4,8/25/23,8/26/93,No,,1972,,,
255,Pite,Arthur Beresford,,https://en.wikipedia.org/wiki/Arthur_Beresford_Pite,9/2/1861,11/27/34,No,,1909,,,
256,Poelzig,Hans,,https://en.wikipedia.org/wiki/Hans_Poelzig,04/30/1869,6/14/36,No,,1914,,,
257,Poliakov,Léon,,https://en.wikipedia.org/wiki/L%C3%A9on_Poliakov,11/25/10,12/8/97,Yes,,1948,,,
258,Ponti,Gio,,https://en.wikipedia.org/wiki/Gio_Ponti,11/18/1891,9/16/79,Yes,,1949,,,
259,Porphyrios,Demetri,,https://en.wikipedia.org/wiki/Demetri_Porphyrios,1949,,No,,1998,,,
260,Predock,Antoine,,https://en.wikipedia.org/wiki/Antoine_Predock,6/24/36,3/2/24,Yes,,1992,,,
261,Price,Cedric,,https://en.wikipedia.org/wiki/Cedric_Price,9/11/34,8/10/03,Yes,,1961,,,
262,Prince,Bart,,https://en.wikipedia.org/wiki/Bart_Prince,6/24/47,,No,,1974,,,
263,Prior,Edward Schroeder,,https://en.wikipedia.org/wiki/Edward_Schroeder_Prior,1/4/1812,8/19/32,No,,1908,,,
264,PRix,Wolf Dieter,,https://en.wikipedia.org/wiki/Wolf_Dieter_Prix,12/13/42,,No,,1993,,,
265,Prouvé,Jean,,https://en.wikipedia.org/wiki/Jean_Prouv%C3%A9,4/18/01,3/23/84,No,,1960,,,
266,Radburn,,,https://en.wikipedia.org/wiki/Radburn_design_housing,,,No,,1930,,,
267,Rainer,Arnulf,,https://en.wikipedia.org/wiki/Arnulf_Rainer,12/8/29,,No,,1953,,,
268,Raymond,Antonin,,https://en.wikipedia.org/wiki/Antonin_Raymond,5/10/1888,10/25/76,Yes,,1934,,,
269,Reidy,Affonso Eduardo,,https://en.wikipedia.org/wiki/Affonso_Eduardo_Reidy,10/26/09,8/10/64,Yes,,1951,,,
270,Rewal,Raj,,https://en.wikipedia.org/wiki/Raj_Rewal,11/24/34,,Yes,,1994,,,
271,Bosco,Ricardo Velázquez,,https://en.wikipedia.org/wiki/Ricardo_Vel%C3%A1zquez_Bosco,3/21/1843,7/31/23,No,,1898,,,
272,Rickards,Edwin Alfred,,https://en.wikipedia.org/wiki/E._A._Rickards,6/?/1872,8/29/20,No,,1900,,,
273,Rietveld,Gerrit,,https://en.wikipedia.org/wiki/Gerrit_Rietveld,6/24/1888,6/25/64,No,,1926,,,
274,Rimpl,Herbert,,https://de.wikipedia.org/wiki/Herbert_Rimpl,1/25/02,6/2/78,No,,1935,,,
275,Ritchie,Ian,,https://en.wikipedia.org/wiki/Ian_Ritchie_(architect),6/24/47,,Yes,,1993,,,
276,Roche,Kevin,,https://en.wikipedia.org/wiki/Kevin_Roche,6/14/22,3/1/19,Yes,,"1968, 1976",,,
277,Rodchenko,Alexander,,https://en.wikipedia.org/wiki/Alexander_Rodchenko,12/05/1891,12/3/56,No,,1918,,,
278,Rogers,Richard,,https://en.wikipedia.org/wiki/Richard_Rogers,7/23/33,12/18/21,No,,"1971, 1993, 2001",,,
279,Ronchamp,,,https://en.wikipedia.org/wiki/Ronchamp,,,No,,1958,,,
280,Rossi,Aldo,,https://en.wikipedia.org/wiki/Aldo_Rossi,5/3/31,9/4/97,Yes,,"1976, 1985",,,
281,Rowe,Colin,,https://en.wikipedia.org/wiki/Colin_Rowe,3/27/20,11/5/99,Yes,,1980,,,
282,Rudolph,Paul,,https://en.wikipedia.org/wiki/Paul_Rudolph_(architect),10/23/18,8/8/97,Yes,,1953,,,
283,"S,M,L,XL",,,"https://en.wikipedia.org/wiki/S,M,L,XL",10/31/95,,No,,1991,,,
284,Saarinen,Eero,,https://en.wikipedia.org/wiki/Eero_Saarinen,8/20/10,9/1/61,Yes,,"1952, 1956",,,
285,Saarinen,Eliel,,https://en.wikipedia.org/wiki/Eliel_Saarinen,8/20/1873,7/1/50,No,,"1900, 1913",,,
286,Sagebiel,Ernst,,https://en.wikipedia.org/wiki/Ernst_Sagebiel,10/2/1892,3/5/70,No,,1941,,,
287,Sant-Elia,Antonio,,https://en.wikipedia.org/wiki/Antonio_Sant%27Elia,04/30/1888,10/10/16,No,,1914,,,
288,Sartoris,Alberto,,https://fr.wikipedia.org/wiki/Alberto_Sartoris,2/2/01,3/8/98,No,,1936,,,
289,Sauvage,Henri,,https://en.wikipedia.org/wiki/Henri_Sauvage,05/10/1873,3/21/32,No,,1908,,,
290,Scarpa,Carlo,,https://en.wikipedia.org/wiki/Carlo_Scarpa,6/2/06,11/28/78,Yes,,1974,,,
291,Scharoun,Hans,,https://en.wikipedia.org/wiki/Hans_Scharoun,9/20/1893,11/25/72,Yes,,1961,,,
292,Scheerbart,Paul,,https://en.wikipedia.org/wiki/Paul_Scheerbart,01/08/1863,10/15/15,No,,1917,,,
293,Schenzen,,,,,,No,,1990,,,
294,Schindler,Rudolph,,https://en.wikipedia.org/wiki/Rudolph_Schindler_(architect),09/10/1887,8/22/53,No,,1929,,,
295,Schoeffer,Nicolas,,https://en.wikipedia.org/wiki/Nicolas_Sch%C3%B6ffer,6-Sep-12,8-Jan-92,No,,1955,,,
296,Schultes,Axel ,,https://de.wikipedia.org/wiki/Axel_Schultes,11/17/43,,No,,1993,,,
297,Schultze-Naumburg,Paul,,https://en.wikipedia.org/wiki/Paul_Schultze-Naumburg,6/10/1869,5/19/49,No,,1930,,,
298,Scogin,Mack,,https://msmearch.com/category/date/1980-1989,,,No,,1980,,,
299,Scott,Baillie,,https://en.wikipedia.org/wiki/Baillie_Scott,10/23/1865,2/10/45,Yes,,1906,,,
300,Scully,Vincent,,https://en.wikipedia.org/wiki/Vincent_Scully,8/21/20,11/30/17,Yes,,1970,,,
301,Seifert,Richard,,https://en.wikipedia.org/wiki/Richard_Seifert,11/25/10,10/26/01,No,,1970,,,
302,Sejima,Kazuyo,,https://en.wikipedia.org/wiki/Kazuyo_Sejima,10/29/56,,Yes,,2000,,,
303,Shaw,George R. ,,https://en.wikipedia.org/wiki/George_R._Shaw,10/28/1848,1/15/37,Yes,,1905,,,
304,Shchusev,Alexey,,https://en.wikipedia.org/wiki/Alexey_Shchusev,10/8/1873,5/24/49,No,,1945,,,
305,Shinohara,Kazuo,,https://en.wikipedia.org/wiki/Kazuo_Shinohara,4/2/25,7/15/06,Yes,,1970,,,
306,Simpson,John,,https://en.wikipedia.org/wiki/John_Simpson_(architect),11/9/54,,Yes,,2000,,,
307,Simpson,John William,,https://en.wikipedia.org/wiki/John_William_Simpson,9/9/1858,3/30/33,No,,,,,
308,Siza Vieria,Alvaro,,https://en.wikipedia.org/wiki/%C3%81lvaro_Siza_Vieira,6/25/33,,No,,1990,,,
309,Soleri,Paolo,,https://en.wikipedia.org/wiki/Paolo_Soleri,6/21/19,4/9/13,Yes,,1955,,,
310,Sommaruga,Giuseppe,,https://en.wikipedia.org/wiki/Giuseppe_Sommaruga,1867,1917,No,,1900,,,
311,Soto,Jesús Rafael,,https://en.wikipedia.org/wiki/Jes%C3%BAs_Rafael_Soto,6/5/23,1/17/05,No,,1947,,,
312,Sottsass,Ettore,,https://en.wikipedia.org/wiki/Ettore_Sottsass,9/14/17,12/31/07,Yes,,1985,,,
313,Speer,Albert,,https://en.wikipedia.org/wiki/Albert_Speer,3/19/05,9/1/81,Yes,,1935,,,
314,Stam,Mart,,https://en.wikipedia.org/wiki/Mart_Stam,8/5/1899,2/21/86,No,,1935,,,
315,Steiner,Rudolf,,https://en.wikipedia.org/wiki/Rudolf_Steiner,02/25/1861,3/30/25,Yes,,1925,,,
316,Stern,Robert A. M. ,,https://en.wikipedia.org/wiki/Robert_A._M._Stern,5/23/39,,Yes,,"1970, 1985",,,
317,Stirling,James,,https://en.wikipedia.org/wiki/James_Stirling_(architect),4/22/26,6/25/92,Yes,,"1970, 1985",,,
318,Stone,Edward Durell,,https://en.wikipedia.org/wiki/Edward_Durell_Stone,3/9/02,8/6/78,No,,1963,,,
319,Sullivan,Louis,,https://en.wikipedia.org/wiki/Louis_Sullivan,9/3/1856,4/14/24,Yes,,1900,,,person
320,Takamatsu,Shin,,https://en.wikipedia.org/wiki/Shin_Takamatsu,8/5/48,,No,,1990,,,
321,Tange,Kenzo,,https://en.wikipedia.org/wiki/Kenz%C5%8D_Tange,9/4/13,3/22/05,Yes,,2000,,,
322,Tange,Kenzō,,https://en.wikipedia.org/wiki/Kenz%C5%8D_Tange,9/4/13,3/22/05,Yes,,"1960, 1970",,,
323,Tatlin,Vladimir,,https://en.wikipedia.org/wiki/Vladimir_Tatlin,12/28/1885,5/31/53,No,,1920,,,
324,Taut,Bruno,,https://en.wikipedia.org/wiki/Bruno_Taut,04/04/1880,12/24/38,Yes,,"1910, 1930",,,
325,Teague,Walter Dorwin,,https://en.wikipedia.org/wiki/Walter_Dorwin_Teague,12/18/1883,12/5/60,Yes,,1938,,,
326,Terragni,Giuseppe,,https://en.wikipedia.org/wiki/Giuseppe_Terragni,4/18/04,7/19/43,No,,1930,,,
327,Terry,Quinlan,,https://en.wikipedia.org/wiki/Quinlan_Terry,7/24/37,,Yes,,1980,,,
328,Tigerman,Stanley,,https://en.wikipedia.org/wiki/Stanley_Tigerman,9/20/30,6/3/19,No,,1990,,,
329,Torroja,Eduardo,,https://en.wikipedia.org/wiki/Eduardo_Torroja,8/27/1899,6/15/61,No,,1937,,,
330,Troost,Paul,,https://en.wikipedia.org/wiki/Paul_Troost,8/17/1878,1/21/34,No,,1937,,,
331,Tschumi,Bernard,,https://en.wikipedia.org/wiki/Bernard_Tschumi,1/25/44,,Yes,,1990,,,
332,Tufaroli,Mario,,-,-,-,No,,,,,
333,Ungers,Oswald,,https://en.wikipedia.org/wiki/Oswald_Mathias_Ungers,7/12/26,9/30/07,No,,1980,,,
334,Unwin,Raymond,,https://en.wikipedia.org/wiki/Raymond_Unwin,11/2/1863,6/29/40,No,,1914,,,
335,Utzon,Born,,https://en.wikipedia.org/wiki/J%C3%B8rn_Utzon,9-Apr-18,29-Nov-08,No,,1970,,,
336,Utzon,Jørn,,https://en.wikipedia.org/wiki/J%C3%B8rn_Utzon,4/9/18,11/29/08,No,,1958,,,
337,Valle,Gino,,https://it.wikipedia.org/wiki/Gino_Valle,12/7/23,9/30/03,No,,1965,,,
338,Van Alen,William,,https://en.wikipedia.org/wiki/William_Van_Alen,8/10/1883,5/24/54,No,,1930,,,
339,van de Velde,Henry,,https://en.wikipedia.org/wiki/Henry_van_de_Velde,4/3/1863,10/15/57,No,,1910,,,
340,van Doesburg,Theo,,https://en.wikipedia.org/wiki/Theo_van_Doesburg,8/30/1883,3/7/31,No,,1920,,,
341,van Eyck,Aldo,,https://en.wikipedia.org/wiki/Aldo_van_Eyck,3/16/18,1/14/99,No,,1965,,,
342,Vandenhove,Charles,,https://en.wikipedia.org/wiki/Charles_Vandenhove,7/3/27,1/22/19,No,,1990,,,
343,Venturi,Robert,,https://en.wikipedia.org/wiki/Robert_Venturi,6/25/25,9/18/18,Yes,,1970,,,
344,Vesnin,Viktor,,https://en.wikipedia.org/wiki/Viktor_Vesnin,04/09/1882,9/17/50,No,,1925,,,
345,Vinoly,Rafael,,https://en.wikipedia.org/wiki/Rafael_Vi%C3%B1oly,6/1/44,3/2/23,No,,2000,,,
346,von Gerkan,Meinhard,,https://en.wikipedia.org/wiki/Meinhard_von_Gerkan,1/3/35,11/30/22,Yes,,1990,,,
347,Voysey,C.F.A.,,https://en.wikipedia.org/wiki/C._F._A._Voysey,5/28/1857,2/12/41,Yes,,1905,,,
348,Wachsmann,Konrad,,https://en.wikipedia.org/wiki/Konrad_Wachsmann,5/16/01,11/25/80,No,,,,,
349,Wagner,Otto,,https://en.wikipedia.org/wiki/Otto_Wagner,7/13/1841,4/11/18,No,,1900,,,
350,Webb,Philip,,https://en.wikipedia.org/wiki/Philip_Webb,1/12/1831,4/17/15,No,,1915,,,
351,Wilford,Michael ,,https://en.wikipedia.org/wiki/Michael_Wilford,9/9/38,3/10/23,No,,1990,,,
352,Williams,William Carlos,,https://en.wikipedia.org/wiki/William_Carlos_Williams,9/17/1883,3/4/63,Yes,,1933,,,
353,Wood ,Cecil,,https://en.wikipedia.org/wiki/Cecil_Wood_(architect),6/6/1878,11/28/47,No,,1905,,,
354,Woods,Lebbeus,,https://en.wikipedia.org/wiki/Lebbeus_Woods,5/31/40,10/30/12,Yes,,1966,,,
355,Wright,Frank Lloyd,,https://en.wikipedia.org/wiki/Frank_Lloyd_Wright,6/8/1867,4/9/59,Yes,,"1905, 1932, 1950",,,
356,Yamasaki,Minoru,,https://en.wikipedia.org/wiki/Minoru_Yamasaki,12/1/12,2/6/86,No,,1966,,,
357,Yeang,Ken,,https://en.wikipedia.org/wiki/Ken_Yeang,10/6/48,,Yes,,"1995, 2000",,,
358,Zevi,Bruno,,https://en.wikipedia.org/wiki/Bruno_Zevi,1/22/18,1/9/00,Yes,,1956,,,
359,Zholtovsky,Ivan,,https://en.wikipedia.org/wiki/Ivan_Zholtovsky,11/27/1867,7/16/59,No,,1945,,,
360,Zumthor,Peter,,https://en.wikipedia.org/wiki/Peter_Zumthor,4/26/43,,Yes,,2002,,,
361,Lethaby,William,http://viaf.org/viaf/49308242,https://en.wikipedia.org/wiki/William_Lethaby,1/18/1857,7/17/31,No,,1899,,,person
362,ARTS & CRAFTS,,,https://en.wikipedia.org/wiki/Arts_and_Crafts_movement,,,,,,https://www.getty.edu/vow/AATFullDisplay?find=arts+crafts&logic=AND&note=&english=N&prev_page=1&subjectid=300266319,,movement
363,Ricardo,Halsey,,https://en.wikipedia.org/wiki/Halsey_Ricardo,8/6/1854,2/15/28,,,1898,,,person
364,Berlage,Hendrik Petrus,http://viaf.org/viaf/59236068,https://en.wikipedia.org/wiki/H._P._Berlage,2/21/1856,9/12/34,No,,1898,,,person
365,Mckim MW,,,,,,No,,1900,,,firm
366,Guimard,Hector,http://viaf.org/viaf/71400445,https://en.wikipedia.org/wiki/Hector_Guimard,3/10/1867,5/20/42,No,,1898,,,person
367,Domenech,Lluis,https://viaf.org/viaf/49316848,https://en.wikipedia.org/wiki/Llu%C3%ADs_Dom%C3%A8nech_i_Montaner,12/21/1850,12/27/23,No,,1898,,,person
368,Endell,August,http://viaf.org/viaf/61711138,https://en.wikipedia.org/wiki/August_Endell,4/12/1871,4/13/25,No,,1899,,,person
369,Kotera,Jan,http://viaf.org/viaf/69848397,https://en.wikipedia.org/wiki/Jan_Kot%C4%9Bra,12/18/1871,4/17/23,No,,1899,,,person
370,Maillart,Robert,http://viaf.org/viaf/35251528,https://en.wikipedia.org/wiki/Robert_Maillart,2/16/1872,4/5/40,No,,1900,,,person
371,Loos,Adolf,http://viaf.org/viaf/17225994,https://en.wikipedia.org/wiki/Adolf_Loos,12/10/1870,8/23/33,No,,1903,,,person
372,ornament & crime,,,https://en.wikipedia.org/wiki/Ornament_and_Crime,,,,,1905,,,written work
373,WERKBUND,,,https://en.wikipedia.org/wiki/Deutscher_Werkbund,,,,,1906,,,movement
374,de Baudot,Anatole,http://viaf.org/viaf/17356208,https://en.wikipedia.org/wiki/Anatole_de_Baudot,10/14/1834,2/28/15,No,,1902,,,person
375,Bosco,Ricardo Velázquez,http://viaf.org/viaf/52750908,https://en.wikipedia.org/wiki/Ricardo_Vel%C3%A1zquez_Bosco,3/21/1843,7/31/23,No,,1898,,,
376,Lanchester,Henry Vaughan,http://viaf.org/viaf/56459619,https://en.wikipedia.org/wiki/H._V._Lanchester,8/9/1863,1/16/53,No,,1900,,,
377,Lechner,Odon,http://viaf.org/viaf/35263153,"https://en.wikipedia.org/wiki/%C3%96d%C3%B6n_Lechner#:~:text=In%20the%20early%201900s%2C%20he,his%20search%20for%20larger%20commissions.",8/27/1845,6/10/14,No,,1900,,,
378,Rickards,Edwin Alfred,http://viaf.org/viaf/11294337,https://en.wikipedia.org/wiki/E._A._Rickards,6/?/1872,8/29/20,No,,1900,,,
379,Sommaruga,Giuseppe,http://viaf.org/viaf/20893846,https://en.wikipedia.org/wiki/Giuseppe_Sommaruga,1867,1917,No,,1900,,,
380,Olbrich,Joseph Maria,http://viaf.org/viaf/39646235,https://en.wikipedia.org/wiki/Joseph_Maria_Olbrich,12/22/1867,9/8/08,No,,1901,,,
381,Perret,Auguste,http://viaf.org/viaf/32045176,https://en.wikipedia.org/wiki/Auguste_Perret,2/12/1874,2/25/54,No,,1901,,,
382,Wagner,Otto,http://viaf.org/viaf/39439361,https://en.wikipedia.org/wiki/Otto_Wagner,7/13/1841,4/11/18,No,,1901,,,
383,Burnet,John James,http://viaf.org/viaf/13370629,https://en.wikipedia.org/wiki/John_James_Burnet,5/31/1857,7/2/38,No,,1902,,,
384,Gaudi,Antoni,http://viaf.org/viaf/9855586,https://en.wikipedia.org/wiki/Antoni_Gaud%C3%AD,6/25/1852,6/10/26,No,,1902,,,
385,Horta,Victor,http://viaf.org/viaf/41863991,https://en.wikipedia.org/wiki/Victor_Horta,1/6/1861,9/8/47,No,,1902,,,
386,Gocar,Josef,http://viaf.org/viaf/13212528,https://en.wikipedia.org/wiki/Josef_Go%C4%8D%C3%A1r,3/13/1880,9/10/45,No,,1903,,,
387,Howard,Ebenezer,http://viaf.org/viaf/69028545,https://en.wikipedia.org/wiki/Ebenezer_Howard,1/29/1850,5/1/28,No,,1903,,,
388,Letchworth,,http://viaf.org/viaf/141900024,https://en.wikipedia.org/wiki/Letchworth,,,No,,1903,,,
389,Hoffman,Josef,http://viaf.org/viaf/66567152,https://en.wikipedia.org/wiki/Josef_Hoffmann,12/15/1870,5/7/56,No,,1904,,,
390,Welwyn,,,https://en.wikipedia.org/wiki/Welwyn,,,No,,1904,,,
391,Jourdain,Frantz,http://viaf.org/viaf/64130335,https://en.wikipedia.org/wiki/Frantz_Jourdain,10/3/1847,8/22/35,No,,1905,,,
392,Behrens,Peter,http://viaf.org/viaf/74643773,https://en.wikipedia.org/wiki/Peter_Behrens,4/14/1868,2/27/40,No,,1907,,,
393,Darmstadt Mathildenhohe,,http://viaf.org/viaf/205929307,https://whc.unesco.org/en/list/1614/,1899,,No,,1907,,,
394,Voysey,C.F.A.,,https://en.wikipedia.org/wiki/C._F._A._Voysey,5/28/1857,2/12/41,Yes,,1907,,,
395,Ashbee,Charles Robert,http://viaf.org/viaf/76389729,https://en.wikipedia.org/wiki/Charles_Robert_Ashbee,5/17/1863,5/23/42,No,,1908,,,person
396,Prior,Edward Schroeder,http://viaf.org/viaf/878688,https://en.wikipedia.org/wiki/Edward_Schroeder_Prior,1/4/1852,8/19/32,No,,1908,,,
397,Sauvage,Henri,http://viaf.org/viaf/62348319,https://en.wikipedia.org/wiki/Henri_Sauvage,05/10/1873,3/21/32,No,,1908,,,
398,van de Velde,Henry,http://viaf.org/viaf/68944453,https://en.wikipedia.org/wiki/Henry_van_de_Velde,4/3/1863,10/15/57,No,,1908,,,
399,Wood ,Cecil,http://viaf.org/viaf/96298784,https://en.wikipedia.org/wiki/Cecil_Wood_(architect),6/6/1878,11/28/47,No,,1908,,,
400,Fischer,Alfred,https://viaf.org/en/viaf/102403710,https://en.wikipedia.org/wiki/Alfred_Fischer_(architect),8/29/1881,4/10/50,No,,1909,,,
401,Moser,Karl,http://viaf.org/viaf/3263091,https://en.wikipedia.org/wiki/Karl_Moser,8/10/1860,2/28/36,No,,1909,,,
402,Pite,Arthur Beresford,http://viaf.org/viaf/24493730,https://en.wikipedia.org/wiki/Arthur_Beresford_Pite,9/2/1861,11/27/34,No,,1909,,,
403,Bonatz,Paul,http://viaf.org/viaf/72185130,https://en.wikipedia.org/wiki/Paul_Bonatz,12/6/1877,12/20/56,No,,1910,,,
404,Brydon,J.M.,http://viaf.org/viaf/96593857,https://en.wikipedia.org/wiki/J._M._Brydon,1840,5/25/01,No,,1910,,,
405,Jensen-Klint,Peder Vilhelm,http://viaf.org/viaf/13478240,https://en.wikipedia.org/wiki/Peder_Vilhelm_Jensen-Klint,06/21/1853,12/1/30,No,,1910,,,
406,Mewes,Charles,http://viaf.org/viaf/95721546,https://en.wikipedia.org/wiki/Charles_Mew%C3%A8s,1/30/1858,8/9/14,No,,1910,,,
407,Parker,Richard Barry,http://viaf.org/viaf/35379988,https://en.wikipedia.org/wiki/Richard_Barry_Parker,11/18/1867,2/21/47,No,,1910,,,
408,Tessenow,Heinrich,http://viaf.org/viaf/64800354,https://en.wikipedia.org/wiki/Heinrich_Tessenow,4/7/1876,11/1/50,No,,1912,,,
409,Asplund,Gunnar,http://viaf.org/viaf/47560120,https://en.wikipedia.org/wiki/Gunnar_Asplund,9/22/1885,10/20/40,No,,1913,,,
410,Poelzig,Hans,http://viaf.org/viaf/85540,https://en.wikipedia.org/wiki/Hans_Poelzig,04/30/1869,6/14/36,No,,1914,,,
411,Sant-Elia,Antonio,http://viaf.org/viaf/64808203,https://en.wikipedia.org/wiki/Antonio_Sant%27Elia,04/30/1888,10/10/16,No,,1914,,,
412,Unwin,Raymond,http://viaf.org/viaf/69044093,https://en.wikipedia.org/wiki/Raymond_Unwin,11/2/1863,6/29/40,No,,1914,,,
413,Chiattone,Mario,http://viaf.org/viaf/77404291,https://www.encyclopedia.com/education/dictionaries-thesauruses-pictures-and-press-releases/chiattone-mario,1891,1957,No,,1915,,,
414,Holden,Charles,http://viaf.org/viaf/62770217,https://en.wikipedia.org/wiki/Charles_Holden,5/12/1875,5/1/60,No,,1916,,,
415,Webb,Philip,http://viaf.org/viaf/15634787,https://en.wikipedia.org/wiki/Philip_Webb,1/12/1831,4/17/15,No,,1916,,,
416,Kramer,Piet,http://viaf.org/viaf/74659080,https://en.wikipedia.org/wiki/Piet_Kramer,7/1/1881,2/4/61,No,,1917,,,
417,Scheerbart,Paul,http://viaf.org/viaf/44474928,https://en.wikipedia.org/wiki/Paul_Scheerbart,01/08/1863,10/15/15,No,,1917,,,
418,Berg,Max,http://viaf.org/viaf/67209074,https://en.wikipedia.org/wiki/Max_Berg,4/17/1870,1/22/47,No,,1918,,,
419,Rodchenko,Alexander,http://viaf.org/viaf/56633412,https://en.wikipedia.org/wiki/Alexander_Rodchenko,12/05/1891,12/3/56,No,,1918,,,
420,Gill,Irving`,http://viaf.org/viaf/72271842,https://en.wikipedia.org/wiki/Irving_Gill,4/26/1870,10/7/36,No,,1919,,,
421,Lissitzky,El ,http://viaf.org/viaf/41890867,https://en.wikipedia.org/wiki/El_Lissitzky,11/24/1890,12/30/41,No,,1919,,,
422,Ostberg,Ragnar,http://viaf.org/viaf/54274637,https://en.wikipedia.org/wiki/Ragnar_%C3%96stberg,7/14/1866,2/5/45,No,,1919,,,
423,Tatlin,Vladimir,http://viaf.org/viaf/34497985,https://en.wikipedia.org/wiki/Vladimir_Tatlin,12/28/1885,5/31/53,No,,1919,,,
424,Dudok,Willem Marinus,http://viaf.org/viaf/109410238,https://en.wikipedia.org/wiki/Willem_Marinus_Dudok,7/6/1884,4/6/74,No,,1922,,,
425,Haring,Hugo,https://viaf.org/en/viaf/71465805,https://en.wikipedia.org/wiki/Hugo_H%C3%A4ring,05/11/1882,5/17/58,No,,1922,,,
426,Oud,J.J.,http://viaf.org/viaf/59169249,https://en.wikipedia.org/wiki/J._J._P._Oud,2/9/1890,4/5/63,No,,1922,,,
427,Leonidov,Ivan,http://viaf.org/viaf/67264236,https://en.wikipedia.org/wiki/Ivan_Leonidov,2/9/02,11/6/59,No,,1923,,,
428,Mendelsohn,Erich,http://viaf.org/viaf/2612145857099822922047,https://en.wikipedia.org/wiki/Erich_Mendelsohn,03/21/1887,9/15/53,No,,1923,,,
429,Vesnin,Viktor,http://viaf.org/viaf/23605640,https://en.wikipedia.org/wiki/Viktor_Vesnin,04/09/1882,9/17/50,No,,1923,,,
430,Finsterlin,Hermann,http://viaf.org/viaf/24726854,https://en.wikipedia.org/wiki/Hermann_Finsterlin,08/18/1887,9/16/73,No,,1924,,,
431,Le Ricolais,Robert,http://viaf.org/viaf/255267,https://en.wikipedia.org/wiki/Robert_Le_Ricolais,10/30/1894,6/4/77,No,,1924,,,
432,May,Ernst,http://viaf.org/viaf/37711461,https://en.wikipedia.org/wiki/Ernst_May,7/27/1886,9/11/70,No,,1924,,,
433,Steiner,Rudolf,,https://en.wikipedia.org/wiki/Rudolf_Steiner,02/25/1861,3/30/25,Yes,,1924,,,
434,Bartning,Otto,,https://en.wikipedia.org/wiki/Otto_Bartning,04/12/1883,2/20/59,Yes,,1925,,,
435,Freyssinet,Eugène,http://viaf.org/viaf/54279372,https://en.wikipedia.org/wiki/Eug%C3%A8ne_Freyssinet,6/13/1879,6/8/62,No,,1925,,,
436,van Doesburg,Theo,http://viaf.org/viaf/308859473,https://en.wikipedia.org/wiki/Theo_van_Doesburg,8/30/1883,3/7/31,No,,1925,,,
437,Ferris,Hugh,http://viaf.org/viaf/39100,https://en.wikipedia.org/wiki/Hugh_Ferriss,7/12/1889,1/28/62,No,,1926,,,
438,Melnikov,Konstantin,http://viaf.org/viaf/111746182,https://en.wikipedia.org/wiki/Konstantin_Melnikov,08/03/1890,11/28/74,No,,1926,,,
439,Rietveld,Gerrit,http://viaf.org/viaf/15562113,https://en.wikipedia.org/wiki/Gerrit_Rietveld,6/24/1888,6/25/64,No,,1926,,,
440,Cret,Paul Philippe,http://viaf.org/viaf/88942809,https://en.wikipedia.org/wiki/Paul_Philippe_Cret,10/23/1876,9/8/45,No,,1928,,,
441,Van Alen,William,http://viaf.org/viaf/64813992,https://en.wikipedia.org/wiki/William_Van_Alen,8/10/1883,5/24/54,No,,1928,,,
442,Bohm,Dominikus,http://viaf.org/viaf/27865161,https://en.wikipedia.org/wiki/Dominikus_B%C3%B6hm,10/23/1880,8/6/55,No,,1929,,,
443,Duiker,Jan,http://viaf.org/viaf/54978148,https://en.wikipedia.org/wiki/Jan_Duiker,3/1/1890,2/23/35,No,,1929,,,
444,Moisei,Ginzburg,http://viaf.org/viaf/36973011,https://en.wikipedia.org/wiki/Moisei_Ginzburg,6/4/1892,1/7/46,No,,1929,,,
445,Schindler,Rudolph,http://viaf.org/viaf/34535142,https://en.wikipedia.org/wiki/Rudolph_Schindler_(architect),09/10/1887,8/22/53,No,,1929,,,
446,Chareau,Pierre,http://viaf.org/viaf/24610646,https://en.wikipedia.org/wiki/Pierre_Chareau,8/4/1883,8/24/50,No,,1930,,,
447,Giedion,Sigfried,http://viaf.org/viaf/64006335,https://en.wikipedia.org/wiki/Sigfried_Giedion,4/14/1888,4/10/68,No,,1930,,,
448,Meyer,Hannes,http://viaf.org/viaf/20472726,https://en.wikipedia.org/wiki/Hannes_Meyer,11/18/1889,7/19/54,No,,1930,,,
449,Moholy-Nagy,Laszlo,http://viaf.org/viaf/22203431,https://en.wikipedia.org/wiki/L%C3%A1szl%C3%B3_Moholy-Nagy,7/20/1895,11/24/46,No,,1930,,,
450,Terragni,Giuseppe,http://viaf.org/viaf/40174669,https://en.wikipedia.org/wiki/Giuseppe_Terragni,4/18/04,7/19/43,No,,1931,,,
451,Schultze-Naumburg,Paul,http://viaf.org/viaf/3269092,https://en.wikipedia.org/wiki/Paul_Schultze-Naumburg,6/10/1869,5/19/49,No,,1932,,,
452,Stam,Mart,http://viaf.org/viaf/72195519,https://en.wikipedia.org/wiki/Mart_Stam,8/5/1899,2/21/86,No,,1932,,,
453,Williams,William Carlos,,https://en.wikipedia.org/wiki/William_Carlos_Williams,9/17/1883,3/4/63,Yes,,1932,,,
454,Lemaresquier,Charles,http://viaf.org/viaf/44292846,https://en.wikipedia.org/wiki/Charles_Lemaresquier,10/16/1870,1/6/72,No,,1933,,,
455,Rimpl,Herbert,http://viaf.org/viaf/25504183,https://de.wikipedia.org/wiki/Herbert_Rimpl,1/25/02,6/2/78,No,,1935,,,
456,Muzio,Giovanni,http://viaf.org/viaf/3270688,https://en.wikipedia.org/wiki/Giovanni_Muzio,2/12/1893,5/21/82,No,,1936,,,
457,Sartoris,Alberto,http://viaf.org/viaf/117576649,https://fr.wikipedia.org/wiki/Alberto_Sartoris,2/2/01,3/8/98,No,,1936,,,
458,Speer,Albert,,https://en.wikipedia.org/wiki/Albert_Speer,3/19/05,9/1/81,Yes,,1937,,,
459,Troost,Paul,http://viaf.org/viaf/8165119,https://en.wikipedia.org/wiki/Paul_Troost,8/17/1878,1/21/34,No,,1937,,,
460,Klotz,Clemens,http://viaf.org/viaf/18022555,https://en.wikipedia.org/wiki/Clemens_Klotz,5/31/1886,8/18/69,No,,1938,,,
461,Torroja,Eduardo,http://viaf.org/viaf/32877262,https://en.wikipedia.org/wiki/Eduardo_Torroja,8/27/1899,6/15/61,No,,1938,,,
462,Wachsmann,Konrad,http://viaf.org/viaf/94333531,https://en.wikipedia.org/wiki/Konrad_Wachsmann,5/16/01,11/25/80,No,,1938,,,
463,de Finetti,Giuseppe,http://viaf.org/viaf/64881157,https://it.wikipedia.org/wiki/Giuseppe_de_Finetti,3/5/1892,1/19/52,No,,1939,,,
464,Libera,Adalberto,http://viaf.org/viaf/59883492,https://en.wikipedia.org/wiki/Adalberto_Libera,7/16/03,3/17/63,No,,1939,,,
465,Stadia,,,,,,No,,1939,,,
466,Kreis,Wilhelm,http://viaf.org/viaf/115619930,https://en.wikipedia.org/wiki/Wilhelm_Kreis,3/17/1873,8/13/55,No,,1940,,,
467,Harris,Harwell Hamilton,http://viaf.org/viaf/38309362,https://en.wikipedia.org/wiki/Harwell_Hamilton_Harris,7/2/03,11/18/90,No,,1941,,,
468,Sagebiel,Ernst,http://viaf.org/viaf/20439598,https://en.wikipedia.org/wiki/Ernst_Sagebiel,10/2/1892,3/5/70,No,,1941,,,
469,Piacentini,Marcello,http://viaf.org/viaf/39370470,https://en.wikipedia.org/wiki/Marcello_Piacentini,12/8/1881,5/19/60,No,,1942,,,
470,Vopra,,,,,,No,,1944,,,
471,Zholtovsky,Ivan,http://viaf.org/viaf/23837172,https://en.wikipedia.org/wiki/Ivan_Zholtovsky,11/27/1867,7/16/59,No,,1944,,,
472,Shchusev,Alexey,http://viaf.org/viaf/5674151778225418130007,https://en.wikipedia.org/wiki/Alexey_Shchusev,10/8/1873,5/24/49,No,,1945,,,
473,Soto,Jesús Rafael,http://viaf.org/viaf/17691,https://en.wikipedia.org/wiki/Jes%C3%BAs_Rafael_Soto,6/5/23,1/17/05,No,,1947,,,
474,Erith,Raymond,http://viaf.org/viaf/8239452,https://en.wikipedia.org/wiki/Raymond_Erith,8/7/04,11/30/73,No,,1948,,,
475,Tufaroli,Mario,,-,-,-,No,,1948,,,
476,Nowicki,Maciej,http://viaf.org/viaf/28397801,https://en.wikipedia.org/wiki/Maciej_Nowicki_(architect),6/26/10,9/1/50,No,,1950,,,
477,Vallingby,,http://viaf.org/viaf/132708938,https://en.wikipedia.org/wiki/V%C3%A4llingby,,,No,,1950,,,
478,Morandi,Giorgio,http://viaf.org/viaf/7399099,https://en.wikipedia.org/wiki/Giorgio_Morandi,7/20/1890,6/18/64,No,,1953,,,
479,Rainer,Arnulf,http://viaf.org/viaf/59210402,https://en.wikipedia.org/wiki/Arnulf_Rainer,12/8/29,,No,,1953,,,
480,Soleri,Paolo,,https://en.wikipedia.org/wiki/Paolo_Soleri,6/21/19,4/9/13,Yes,,1953,,,
481,Costa,Lúcio,http://viaf.org/viaf/24785160,https://en.wikipedia.org/wiki/L%C3%BAcio_Costa,2/27/02,6/13/98,No,,1954,,,
482,Zevi,Bruno,,https://en.wikipedia.org/wiki/Bruno_Zevi,1/22/18,1/9/00,Yes,,1954,,,
483,Bakema,Jaap,http://viaf.org/viaf/74646638,https://en.wikipedia.org/wiki/Jaap_Bakema,3/8/14,2/20/81,No,,1955,,,
484,Gardella,Ignazio,https://viaf.org/en/viaf/100244344,https://en.wikipedia.org/wiki/Ignazio_Gardella,3/30/05,3/16/99,No,,1955,,,
485,Schoeffer,Nicolas,http://viaf.org/viaf/7396954,https://en.wikipedia.org/wiki/Nicolas_Sch%C3%B6ffer,6-Sep-12,8-Jan-92,No,,1955,,,
486,Schultze-Fielitze,Eckhard,,https://de.wikipedia.org/wiki/Eckhard_Schulze-Fielitz,12/24/29,9/1/21,No,,1956,,,
487,Maekawa,Kunio,http://viaf.org/viaf/91944476,https://en.wikipedia.org/wiki/Kunio_Maekawa,5/14/05,6/26/86,No,,1957,,,
488,Neumann,Alfred,http://viaf.org/viaf/316391418,https://en.wikipedia.org/wiki/Alfred_Neumann_(architect),1/26/00,10/23/68,No,,1957,,,
489,Lewerentz,Sigurd,http://viaf.org/viaf/77114985,https://en.wikipedia.org/wiki/Sigurd_Lewerentz,7/29/1885,12/29/75,No,,1958,,,
490,Ronchamp,,http://viaf.org/viaf/155939852,https://en.wikipedia.org/wiki/Ronchamp,,,No,,1958,,,
491,Albini,Franco,http://viaf.org/viaf/845533,https://en.wikipedia.org/wiki/Franco_Albini,10/17/05,11/1/77,No,,1959,,,person
492,Dominioni,Luigi Caccia,http://viaf.org/viaf/96604094,https://en.wikipedia.org/wiki/Luigi_Caccia_Dominioni,12/7/13,11/13/16,No,,1959,,,
493,Aulenti,Gae,http://viaf.org/viaf/79173999,https://en.wikipedia.org/wiki/Gae_Aulenti,12/4/27,10/31/12,No,,1960,,,
494,Friedman,Yona,http://viaf.org/viaf/49225738,https://en.wikipedia.org/wiki/Yona_Friedman,6/5/23,2/20/20,No,,1960,,,
495,Hausermann,Pascal,https://viaf.org/en/viaf/66585853,https://architectuul.com/architect/pascal-hausermann,1936,2011,No,,1960,,,
496,Prouvé,Jean,http://viaf.org/viaf/2475783,https://en.wikipedia.org/wiki/Jean_Prouv%C3%A9,4/18/01,3/23/84,No,,1960,,,
497,Eiermann,Egon,http://viaf.org/viaf/10640142,https://en.wikipedia.org/wiki/Egon_Eiermann,9/29/04,7/19/70,No,,1961,,,
498,Harrison,Wallace,http://viaf.org/viaf/79404254,https://en.wikipedia.org/wiki/Wallace_Harrison,09/28/1895,12/2/81,No,,1961,,,
499,Jacobs,Jane,http://viaf.org/viaf/90712053,https://en.wikipedia.org/wiki/Jane_Jacobs,5/4/16,4/25/06,No,,1961,,,
500,Johansen,John M.,http://viaf.org/viaf/113523673,https://en.wikipedia.org/wiki/John_M._Johansen,6/29/16,10/26/12,No,,1961,,,
501,ULM,,http://viaf.org/viaf/164037957,https://en.wikipedia.org/wiki/Ulm_School_of_Design,1953,,No,,1961,,,
502,Doxiadis,Constantinos Apostolou,http://viaf.org/viaf/312689,https://en.wikipedia.org/wiki/Constantinos_Apostolou_Doxiadis,5/14/13,6/28/75,No,,1962,,,
503,Koenig,Pierre,http://viaf.org/viaf/109094818,https://en.wikipedia.org/wiki/Pierre_Koenig,10/17/25,4/4/04,No,,1962,,,
504,Stone,Edward Durell,http://viaf.org/viaf/92666920,https://en.wikipedia.org/wiki/Edward_Durell_Stone,3/9/02,8/6/78,No,,1962,,,
505,van Eyck,Aldo,http://viaf.org/viaf/185217848,https://en.wikipedia.org/wiki/Aldo_van_Eyck,3/16/18,1/14/99,No,,1962,,,
506,Valle,Gino,http://viaf.org/viaf/96470811,https://it.wikipedia.org/wiki/Gino_Valle,12/7/23,9/30/03,No,,1963,,,
507,Cumbernauld,,"https://viaf.org/en/viaf/124365072
https://viaf.org/en/viaf/133741637",,,,No,,1965,,,
508,Woods,Lebbeus,,https://en.wikipedia.org/wiki/Lebbeus_Woods,5/31/40,10/30/12,Yes,,1965,,,
509,Shoeffer,,,,,,No,,1966,,,
510,The Whites,,http://viaf.org/viaf/145912003,,,,No,,1967,,,
511,Yamasaki,Minoru,http://viaf.org/viaf/79409150,https://en.wikipedia.org/wiki/Minoru_Yamasaki,12/1/12,2/6/86,No,,1967,,,
512,Böhm,Gottfried,http://viaf.org/viaf/92946938,https://en.wikipedia.org/wiki/Gottfried_B%C3%B6hm,1/23/20,6/9/21,No,,1968,,,
513,Habraken,John,http://viaf.org/viaf/79211690,https://en.wikipedia.org/wiki/N._John_Habraken,10/29/28,10/21/23,No,,1968,,,
514,Hertzberger,Herman,http://viaf.org/viaf/54244045,https://en.wikipedia.org/wiki/Herman_Hertzberger,7/6/32,,No,,1968,,,
515,Kikutake,Kiyonori,http://viaf.org/viaf/96133831,https://en.wikipedia.org/wiki/Kiyonori_Kikutake,4/1/28,12/26/11,No,,1968,,,
516,Venturi,Robert,,https://en.wikipedia.org/wiki/Robert_Venturi,6/25/25,9/18/18,Yes,,1968,,,
517,Seifert,Richard,http://viaf.org/viaf/96273574,https://en.wikipedia.org/wiki/Richard_Seifert,11/25/10,10/26/01,No,,1970,,,
518,Pietilä,Reima,http://viaf.org/viaf/95709497,https://en.wikipedia.org/wiki/Reima_and_Raili_Pietil%C3%A4,8/25/23,8/26/93,No,,1972,,,
519,Scully,Vincent,,https://en.wikipedia.org/wiki/Vincent_Scully,8/21/20,11/30/17,Yes,,1972,,,
520,Nikken Sekki,,,,,,No,,1973,,,
521,Prince,Bart,http://viaf.org/viaf/236149294282880521410,https://en.wikipedia.org/wiki/Bart_Prince,6/24/47,,No,,1974,,,
522,Kallman,Gerhard,http://viaf.org/viaf/5058157643283538590004,https://en.wikipedia.org/wiki/Gerhard_Kallmann,2/13/15,6/19/12,No,,1977,,,
523,La Tendenza,,http://viaf.org/viaf/260393336,https://www.studiointernational.com/la-tendenza-italian-architecture-1965-1985,,,No,,1977,,,
524,Peichl,Gustav,http://viaf.org/viaf/64799820,https://en.wikipedia.org/wiki/Gustav_Peichl,3/18/28,11/17/19,No,,1977,,,
525,Ishii,Kazuhiro,http://viaf.org/viaf/52827221,,2/1/44,1/14/15,No,,1978,,,
526,Gough,Piers,http://viaf.org/viaf/267354602,https://en.wikipedia.org/wiki/Piers_Gough,4/24/46,,No,,1979,,,
527,Jerde,Jon,http://viaf.org/viaf/4219149198258074940004,https://en.wikipedia.org/wiki/Jon_Jerde,1/22/40,2/9/15,No,,1979,,,
528,Pei,I M,http://viaf.org/viaf/2491588,https://en.wikipedia.org/wiki/I._M._Pei,4/26/17,5/16/19,No,,1979,,,
529,Alberts,Anton,http://viaf.org/viaf/96210715,https://en.wikipedia.org/wiki/Anton_Alberts_(architect),7/6/27,8/16/99,No,,1980,,,person
530,Outram,John,http://viaf.org/viaf/44136111,https://en.wikipedia.org/wiki/John_Outram,6/21/34,,No,,1980,,,
531,Ungers,Oswald,http://viaf.org/viaf/49341123,https://en.wikipedia.org/wiki/Oswald_Mathias_Ungers,7/12/26,9/30/07,No,,1980,,,
532,Scogin,Mack,http://viaf.org/viaf/271334203,https://en.wikipedia.org/wiki/Mack_Scogin_Merrill_Elam,1984,,No,,1982,,,
533,Terry,Quinlan,,https://en.wikipedia.org/wiki/Quinlan_Terry,7/24/37,,Yes,,1982,,,
534,Beeby,Thomas,http://viaf.org/viaf/31578069,https://en.wikipedia.org/wiki/Thomas_H._Beeby,1941,,No,,1985,,,
535,KPF,,http://viaf.org/viaf/124919683,https://en.wikipedia.org/wiki/Kohn_Pedersen_Fox,1976,,No,,1985,,,
536,SOM,,,https://en.wikipedia.org/wiki/SOM_(architectural_firm),1936,,No,,1985,,,
537,Pattern Language,,http://viaf.org/viaf/9246156858511749780007,https://en.wikipedia.org/wiki/A_Pattern_Language,1977,,No,,1986,,,
538,Sottsass,Ettore,,https://en.wikipedia.org/wiki/Ettore_Sottsass,9/14/17,12/31/07,Yes,,1986,,,
539,MacCormac,Richard,http://viaf.org/viaf/261246317,https://en.wikipedia.org/wiki/Richard_MacCormac,9/3/38,7/26/14,No,,1987,,,
540,Badran,Rasem,http://viaf.org/viaf/96507036,https://en.wikipedia.org/wiki/Rasem_Badran,1945,,No,,1989,,,
541,Domenig,Gunther,https://viaf.org/viaf/93110836,https://en.wikipedia.org/wiki/G%C3%BCnther_Domenig,7/6/34,6/15/12,No,,1990,,,
542,Takamatsu,Shin,http://viaf.org/viaf/79072499,https://en.wikipedia.org/wiki/Shin_Takamatsu,8/5/48,,No,,1990,,,
543,Vandenhove,Charles,http://viaf.org/viaf/20520026,https://en.wikipedia.org/wiki/Charles_Vandenhove,7/3/27,1/22/19,No,,1990,,,
544,Bicknell,Julian,http://viaf.org/viaf/3023049,https://en.wikipedia.org/wiki/Julian_Bicknell,2/23/45,,No,,1991,,,
545,"S,M,L,XL",,http://viaf.org/viaf/345144928979754440909,"https://en.wikipedia.org/wiki/S,M,L,XL",10/31/95,,No,,1991,,,
546,Siza Vieria,Alvaro,http://viaf.org/viaf/5027394,https://en.wikipedia.org/wiki/%C3%81lvaro_Siza_Vieira,6/25/33,,No,,1991,,,
547,Tschumi,Bernard,,https://en.wikipedia.org/wiki/Bernard_Tschumi,1/25/44,,Yes,,1992,,,
548,Jiricna,Eva,http://viaf.org/viaf/5112937,https://en.wikipedia.org/wiki/Eva_Ji%C5%99i%C4%8Dn%C3%A1,3/3/39,,No,,1993,,,
549,Karmi,Ram,http://viaf.org/viaf/96239445,https://en.wikipedia.org/wiki/Ram_Karmi,1931,4/11/13,No,,1993,,,
550,Prix,Wolf Dieter,http://viaf.org/viaf/15031103,https://en.wikipedia.org/wiki/Wolf_Dieter_Prix,12/13/42,,No,,1993,,,
551,Schultes,Axel ,http://viaf.org/viaf/45103640,https://de.wikipedia.org/wiki/Axel_Schultes,11/17/43,,No,,1993,,,
552,Tigerman,Stanley,http://viaf.org/viaf/108825481,https://en.wikipedia.org/wiki/Stanley_Tigerman,9/20/30,6/3/19,No,,1993,,,
553,von Gerkan,Meinhard,,https://en.wikipedia.org/wiki/Meinhard_von_Gerkan,1/3/35,11/30/22,Yes,,1993,,,
554,Wilford,Michael ,http://viaf.org/viaf/112845561,https://en.wikipedia.org/wiki/Michael_Wilford,9/9/38,3/10/23,No,,1993,,,
555,Jones,Edward,http://viaf.org/viaf/47845428,https://en.wikipedia.org/wiki/Edward_Jones_(English_architect),10/20/39,,No,,1995,,,
556,Mecanoo,,http://viaf.org/viaf/150284077,https://en.wikipedia.org/wiki/Mecanoo,1984,,No,,1995,,,
557,Alsop,William,http://viaf.org/viaf/79069104,https://en.wikipedia.org/wiki/Will_Alsop,12/12/47,5/12/18,No,,1996,,,person
558,Kitagawara,Atsushi,http://viaf.org/viaf/108332632,https://en.wikipedia.org/wiki/Atsushi_Kitagawara,1951,,No,,1996,,,
559,Lovins,Amory,http://viaf.org/viaf/108190727,https://en.wikipedia.org/wiki/Amory_Lovins,11/13/47,,No,,1996,,,
560,Balmond ,Cecil,http://viaf.org/viaf/64828512,https://en.wikipedia.org/wiki/Cecil_Balmond,1943,,No,,1997,,,
561,Bolles+Wilson,,http://viaf.org/viaf/263893601,https://en.wikipedia.org/wiki/Bolles%2BWilson,1980,,No,,1997,,,
562,Coates,Nigel,http://viaf.org/viaf/95722473,https://en.wikipedia.org/wiki/Nigel_Coates_(architect),1949,,No,,1997,,,
563,Fisher,Mark,http://viaf.org/viaf/29739141,https://en.wikipedia.org/wiki/Mark_Fisher_(architect),4/20/47,6/25/13,No,,1997,,,
564,Makovecz,Imre,http://viaf.org/viaf/111336623,https://en.wikipedia.org/wiki/Imre_Makovecz,11/20/35,9/27/11,No,,1997,,,
565,Navarro,Agustin,http://viaf.org/viaf/96203323,https://en.wikipedia.org/wiki/Agust%C3%ADn_Hern%C3%A1ndez_Navarro,2/29/24,11/10/22,No,,1997,,,
566,Ushida Findlay,,http://viaf.org/viaf/130639030,https://en.wikipedia.org/wiki/Ushida_Findlay_Architects,1986,,No,,1997,,,
567,Benson,Gordon,http://viaf.org/viaf/74749519,https://en.wikipedia.org/wiki/Benson_%26_Forsyth,10/5/44,,No,,1998,,,
568,Dixon,Jeremy,http://viaf.org/viaf/59987981,https://en.wikipedia.org/wiki/Jeremy_Dixon,5/31/39,,No,,1998,,,
569,Porphyrios,Demetri,http://viaf.org/viaf/27138236,https://en.wikipedia.org/wiki/Demetri_Porphyrios,1949,,No,,1998,,,
570,Ciriani,Henri,http://viaf.org/viaf/54263344,https://en.wikipedia.org/wiki/Henri_Ciriani,12/30/36,,No,,1999,,,
571,Kipnis,Jeff,http://viaf.org/viaf/10000483,https://en.wikipedia.org/wiki/Jeff_Kipnis,1951,,No,,2001,,,
572,Takasaki,Masaharu,http://viaf.org/viaf/30360828,,1953,,No,,2001,,,
573,Vinoly,Rafael,http://viaf.org/viaf/25542313,https://en.wikipedia.org/wiki/Rafael_Vi%C3%B1oly,6/1/44,3/2/23,No,,2001,,,
574,BROOKES,,http://viaf.org/viaf/73850749,,,,No,,2002,,,
575,FOA,,http://viaf.org/viaf/151063924,https://en.wikipedia.org/wiki/Foreign_Office_Architects,1993,,No,,2002,,,
576,Herzog,Jacques,http://viaf.org/viaf/118759,https://en.wikipedia.org/wiki/Jacques_Herzog,4/19/50,,No,,2002,,,
577,Sejima,Kazuyo,,https://en.wikipedia.org/wiki/Kazuyo_Sejima,10/29/56,,Yes,,2002,,,
578,Short/Ford,,http://viaf.org/viaf/127755783,,,,No,,2002,,,
579,Simpson,John,http://viaf.org/viaf/7229426,https://en.wikipedia.org/wiki/John_Simpson_(architect),11/9/54,,No,,2002,,,
580,Simpson,John William,,https://en.wikipedia.org/wiki/John_William_Simpson,9/9/1858,3/30/33,Yes,,2002,,,
581,Spuybroek,Lars,http://viaf.org/viaf/52768161,https://en.wikipedia.org/wiki/Lars_Spuybroek,9/16/59,,No,,2003,,,
582,Saarinen,Eliel,http://viaf.org/viaf/39471157,https://en.wikipedia.org/wiki/Eliel_Saarinen,8/20/1873,7/1/50,No,,"1900, 1913",,,
583,Garnier,Charles,https://viaf.org/en/viaf/41840486,https://en.wikipedia.org/wiki/Charles_Garnier_(architect),11/6/1825,9/3/1898,No,,"1902, 1903",,,
584,Wright,Frank Lloyd,,https://en.wikipedia.org/wiki/Frank_Lloyd_Wright,6/8/1867,4/9/59,Yes,,"1903, 1932, 1938, 1953",,,
585,Mackintosh,Charles,http://viaf.org/viaf/74645185,https://en.wikipedia.org/wiki/Charles_Rennie_Mackintosh,6/7/1868,12/10/28,No,,"1904, 1905",,,
586,Muthesius,Hermann,http://viaf.org/viaf/36994033,https://en.wikipedia.org/wiki/Hermann_Muthesius,4/20/1861,10/29/27,No,,"1907, 1913",,,
587,Taut,Bruno,,https://en.wikipedia.org/wiki/Bruno_Taut,04/04/1880,12/24/38,Yes,,"1910, 1929",,,
588,de Klerk,Michel,http://viaf.org/viaf/54971116,https://en.wikipedia.org/wiki/Michel_de_Klerk,11/24/1884,11/24/23,No,,"1914, 1921",,,
589,Lutyens,Edwin,http://viaf.org/viaf/64048126,https://en.wikipedia.org/wiki/Edwin_Lutyens,3/29/1869,1/1/44,No,,"1916, 1914",,,
590,Nervi,Pier Luigi,http://viaf.org/viaf/71453417,https://en.wikipedia.org/wiki/Pier_Luigi_Nervi,6/21/1891,1/9/79,No,,"1921, 1955",,,
591,Mies van der Rohe,Ludwig ,http://viaf.org/viaf/95153318,https://en.wikipedia.org/wiki/Ludwig_Mies_van_der_Rohe,3/27/1886,8/17/69,No,,"1921, 1956",,,
592,Ginzburg,Moisei,http://viaf.org/viaf/36973011,https://en.wikipedia.org/wiki/Moisei_Ginzburg,06/04/1892,1/7/46,No,,"1927, 29",,,
593,Michelucci,Giovanni,http://viaf.org/viaf/112495870,https://en.wikipedia.org/wiki/Giovanni_Michelucci,1/2/1891,12/31/90,No,,"1942, 1961",,,
594,Niemeyer,Oscar,http://viaf.org/viaf/95725437,https://en.wikipedia.org/wiki/Oscar_Niemeyer,12/15/07,12/5/12,No,,"1955, 1964",,,
595,Eames,Charles and Ray,"http://viaf.org/viaf/15576677
http://viaf.org/viaf/62354916",https://en.wikipedia.org/wiki/Charles_and_Ray_Eames,,,No,,"1956, 1957",,,
596,Erskine,Ralph,http://viaf.org/viaf/95748450,https://en.wikipedia.org/wiki/Ralph_Erskine_(architect),2/24/14,3/16/05,No,,"1956, 1971",,,
597,Utzon,Jørn,http://viaf.org/viaf/109411665,https://en.wikipedia.org/wiki/J%C3%B8rn_Utzon,4/9/18,11/29/08,No,,"1958, 1970",,,
598,Tange,Kenzo,,https://en.wikipedia.org/wiki/Kenz%C5%8D_Tange,9/4/13,3/22/05,Yes,,"1960, 1972, 2000",,,
599,Arups,,http://viaf.org/viaf/119774526,https://en.wikipedia.org/wiki/Arup_Group,1946,,No,,"1960, 1975",,,firm
600,Piano,Renzo,http://viaf.org/viaf/95804495,https://en.wikipedia.org/wiki/Renzo_Piano,9/14/37,,No,,"1962, 1992",,,
601,Eisenmann,Peter,http://viaf.org/viaf/54297401,https://en.wikipedia.org/wiki/Peter_Eisenman,8/11/32,,No,,"1970, 1987",,,
602,Rogers,Richard,http://viaf.org/viaf/90597250,https://en.wikipedia.org/wiki/Richard_Rogers,7/23/33,12/18/21,No,,"1971, 1993, 2001",,,
603,Stern,Robert A. M. ,,https://en.wikipedia.org/wiki/Robert_A._M._Stern,5/23/39,,Yes,,"1973, 1985",,,
604,Hopkins,Michael ,http://viaf.org/viaf/101582971,https://en.wikipedia.org/wiki/Michael_Hopkins_(architect),5/7/35,6/17/23,No,,"1979, 1985",,,
605,Arquitectonica,,http://viaf.org/viaf/135562537,https://arquitectonica.com/ https://en.wikipedia.org/wiki/Arquitectonica,1977,,No,,"1980, 1987",,,firm
606,Behnisch,Gunter,http://viaf.org/viaf/820613,https://en.wikipedia.org/wiki/G%C3%BCnter_Behnisch,6/12/22,7/12/10,No,,"1982, 1995",,,
607,Yeang,Ken,,https://en.wikipedia.org/wiki/Ken_Yeang,10/6/48,,Yes,,"1998, 2001",,,
608,Lougheur Act,,,,,,,,,,,